<?xml version="1.0" encoding="UTF-8"?>
<jcr:root xmlns:jcr="http://www.jcp.org/jcr/1.0" xmlns:nt="http://www.jcp.org/jcr/nt/1.0" xmlns:rep="internal"
    jcr:primaryType="nt:unstructured"
    id="root">
    <projects/>
    <sites/>
    <experiencefragments/>
    <assets/>
    <personalization/>
    <tools
        jcr:primaryType="nt:unstructured"
        jcr:title="Tools"
        id="cq-tools"
        order="{Long}200">
        <general/>
        <workflow/>
        <operations
            jcr:mixinTypes="[rep:AccessControllable]"
            jcr:primaryType="nt:unstructured"
            jcr:title="Operations"
            id="cq-tools-operations">
            <systemoverview
                jcr:description="The status of your instance at a glance."
                jcr:primaryType="nt:unstructured"
                jcr:title="System Overview"
                href="/libs/granite/operations/content/systemoverview.html"
                icon="devicePreview"
                id="granite-system-overview"/>
            <webconsole
                jcr:description="Manage the OSGi application platform and capability configurations"
                jcr:primaryType="nt:unstructured"
                jcr:title="Web Console"
                href="/system/console/configMgr"
                icon="pageRule"
                id="granite-webconsole"
                target="_blank"/>
            <testing
                jcr:description="Run tests defined for your application"
                jcr:primaryType="nt:unstructured"
                jcr:title="Testing"
                href="/libs/granite/testing/hobbes.html"
                icon="playCircle"
                id="granite-testing-hobbes"
                target="_blank"/>
            <configuration
                jcr:description="Manage application and system configurations"
                jcr:primaryType="nt:unstructured"
                jcr:title="Configuration"
                href="/miscadmin"
                icon="gear"
                id="cq-tools-configuration"
                target="_blank"/>
            <backup
                jcr:description="Carry out backup tasks"
                jcr:primaryType="nt:unstructured"
                jcr:title="Backup"
                href="/libs/granite/backup/content/admin.html"
                icon="history"
                id="granite-backup"/>
            <healthreports
                jcr:description="Get information on the health of an AEM instance through Sling health checks"
                jcr:primaryType="nt:unstructured"
                jcr:title="Health Reports"
                href="/libs/granite/operations/content/healthreports/healthreportlist.html"
                icon="heart"
                id="healthreports"/>
            <diagnosis
                jcr:description="Find and troubleshoot root causes of the warnings coming from the Health Reports"
                jcr:primaryType="nt:unstructured"
                jcr:title="Diagnosis"
                href="/libs/granite/operations/content/diagnosis.html"
                icon="gauge4"
                id="diagnosis"/>
            <maintenance
                jcr:description="View and track recommended maintenance tasks scheduled for periodic execution"
                jcr:primaryType="nt:unstructured"
                jcr:title="Maintenance"
                href="/libs/granite/operations/content/maintenance.html"
                icon="clockCheck"
                id="maintenance"/>
            <monitoring
                jcr:description="Create your own custom monitoring reports based on available JMX beans"
                jcr:primaryType="nt:unstructured"
                jcr:title="Monitoring"
                classicUI="/monitoring"
                href="/libs/granite/operations/content/monitoring/page.html"
                icon="graphTrend"
                id="monitoring"/>
            <asyncjobs
                jcr:description="View and track Jobs"
                jcr:primaryType="nt:unstructured"
                jcr:title="Jobs"
                href="/mnt/overlay/dam/gui/content/asyncjobs.html"
                icon="paste"
                id="cq-assets-asyncjobs"/>
        </operations>
        <sites/>
        <assets/>
        <resources/>
        <deployment/>
        <security/>
        <cloudservices/>
        <communities/>
        <commerce/>
    </tools>
    <communities/>
    <commerce/>
    <screens/>
    <forms/>
</jcr:root>
